s0,s1,d0,d1,d2,d3,d4,d5,d6,d7,cluster
0.28338960774174204,0.8390208838896832,0.9159922931158128,0.31403364059947647,0.7542323964831088,0.681299191782576,0.7274552197151933,0.6548266100002056,0.07860767270898872,0.8818626934067304,0
0.3301192137355291,0.6625720569160517,0.3788912915362368,0.9507055426895797,0.08331401515536607,0.705084384412448,0.058762111595836664,0.5948164363411695,0.45483268883403594,0.5238129904765985,0
0.27835367212493023,0.7118066081264282,0.46258414342363263,0.5639697275390915,0.8756449105899115,0.24201558185083327,0.49161513430435844,0.40991808590207424,0.40564015245473484,0.12226503290593882,0
0.2877706222366341,0.8623651852646305,0.9217865748929505,0.7201820595693014,0.4856964707062551,0.5004164424697888,0.9960032457289358,0.08046690824697411,0.5492332830119445,0.27917746596907356,0
0.32357666628596615,0.6908698578629925,0.14242745360058706,0.06529223230809533,0.741147074737464,0.625932196670045,0.2523703252091618,0.06967683738527686,0.6825709583756973,0.38495601547425273,0
0.18634353069458884,0.7506774122661128,0.7222792403915356,0.27500439521081954,0.7637631965269055,0.507457822617569,0.4645869352805707,0.4121288636554554,0.2814649619445131,0.33711344334163895,0
0.19430544025845586,0.6896860690985553,0.6987763306740393,0.41644344925497756,0.04143212420245623,0.7577124406510476,0.7955828061239014,0.9734879282309595,0.7475783892469966,0.5101588755125506,0
0.22707233129828971,0.7233898339321099,0.8453132031767592,0.27204170713321885,0.17018228647771694,0.9744728870445762,0.8967349160435583,0.4471716620723888,0.855806227903733,0.3589520890581117,0
0.22031786334695208,0.7691503657115614,0.4027700270930351,0.7361215677182953,0.103696994924808,0.6858048511488224,0.647895060466549,0.49764245366625415,0.06667918426572417,0.1144793290765006,0
0.21966604725415942,0.7373182804838536,0.7317907119650845,0.029290124874592705,0.3122692379231162,0.2078790265217476,0.225911125895209,0.5327493601947975,0.7052190621361369,0.5543184793352167,0
0.24875109799257253,0.776324900318752,0.8661290298218961,0.9098781273052078,0.22940050731913508,0.6076216514859671,0.8814220111411292,0.8319810672832567,0.16403963928926946,0.9200915635049577,0
0.15067215874093876,0.8443654985258728,0.4383741795649799,0.06349436507653783,0.42091754470434106,0.5779623820406115,0.4135039075214647,0.008319825706839534,0.5827897993436038,0.45819091631976927,0
0.24303070556672612,0.652042722763169,0.9699982939553989,0.9661681080791589,0.045440794909383575,0.37860608371458093,0.782568326275608,0.44299920423728034,0.15194097321463673,0.050275226634936665,0
0.2744039549852098,0.7317260981437496,0.2627114467888655,0.10347641168752342,0.3511763392891587,0.6086853460407129,0.4665537325457143,0.002621156569594163,0.4054235163100822,0.9952605876198964,0
0.1792860192753274,0.784331509308539,0.42100372474927095,0.4685267587019487,0.824889738541225,0.8633232703830385,0.6645710296667748,0.7319166147539679,0.46198545456744833,0.4520902669886985,0
0.23252895880345617,0.7751259772559448,0.4347951370639469,0.39204121130327285,0.3544888571355417,0.9297471730636774,0.9082678794285266,0.5455692567752192,0.5408801993354814,0.9715406659357474,0
0.16595296274208676,0.7012031501243746,0.8710191631815257,0.2742328668461932,0.40767437813599894,0.7203351122644261,0.4522815492139106,0.17236202291531033,0.6796806631858503,0.9857075631506309,0
0.186959069080926,0.7003535644624718,0.45872896929484597,0.607909619178991,0.030779467530718696,0.24652461486345023,0.5354132403712771,0.5550453774820634,0.5086861906832685,0.8932447344596155,0
0.23292081583143381,0.7213667183787952,0.19249221275308492,0.2901826054754756,0.6364373288514663,0.9519944483885816,0.7660993093392205,0.8570603431155884,0.7009548055617614,0.15677028566916318,0
0.22502485056640667,0.7095091941086119,0.9399927186323381,0.630953363554641,0.8593516814159461,0.9239125290434655,0.603951819822103,0.09226511058012077,0.357927457021158,0.966848349434269,0
0.2826701493476265,0.6512255557728006,0.34451934284500796,0.7583603166692379,0.8685504364882127,0.16538574789048632,0.2921922193407357,0.7303699693273853,0.4343740392020451,0.4597236778248145,0
0.2804639755802349,0.8348835675602755,0.9596357221751237,0.31517249036045736,0.7491694158694031,0.5760862261686822,0.34211867392275097,0.4720308448762174,0.5315540620136942,0.44223355724563773,0
0.24374660894016945,0.7899981860579849,0.2530377201512142,0.9896155352486055,0.38202917602013087,0.6284316670098345,0.4707885307263715,0.8125802186976844,0.6098783013231526,0.8319046960166528,0
0.2890804414589115,0.785252270429217,0.2616449345528844,0.0314089320309372,0.3368195779938753,0.8276463625531906,0.2906890688868793,0.005251868854940112,0.4958046193656205,0.4517446143286996,0
0.23212242171917236,0.7193574983167699,0.7704860839139372,0.327277361728495,0.23322377391434712,0.12397702982631331,0.30209432699374106,0.42885866636290104,0.03531228515290841,0.12016180936364607,0
0.21322012016481756,0.689081441002807,0.6526279650192642,0.9845802703737092,0.348217659938441,0.2326127675526266,0.2494490987018072,0.7064406173386525,0.28466137295440797,0.9358268652313627,0
0.24930782247043198,0.7124976023997769,0.0067674822146434055,0.4661972940775456,0.6294507384504652,0.45384327872281194,0.22598190235218474,0.06556219650306339,0.3765931838732228,0.55767662280548,0
0.19139732821962732,0.7909226824153477,0.8913428752945926,0.10707372008650251,0.6792433918109316,0.2499299811057175,0.15170571578631276,0.6911204348841471,0.7713122387176339,0.6450943379253212,0
0.2211227119007121,0.7650968633120255,0.7995818284533908,0.042953387854298364,0.5787807442019347,0.03689034051099305,0.08977802977692317,0.2582376922038049,0.09960443644609107,0.625037400599452,0
0.32756947621273286,0.722300302286372,0.022595478908954747,0.6907239949991467,0.05360491092760611,0.4754420362052767,0.1521860192313036,0.6900030242745919,0.6521553064229549,0.5877980084872093,0
0.23661278483673714,0.7952396686510291,0.5027552951067201,0.759389217264738,0.7276228567540978,0.5689455182158313,0.04361290603451973,0.5184927662494981,0.016217139881122056,0.5915572426299033,0
0.232122505004266,0.7032470519153791,0.6052773074201955,0.7616932082584518,0.9727264165002665,0.04871073034794182,0.1807485719034313,0.037289043147388345,0.6850251259464739,0.7792275793844898,0
0.25549655197115223,0.7033384838146384,0.3472793950175146,0.6024774397048626,0.6212963588646863,0.7470399564410769,0.8579627804790053,0.6052392417749234,0.3510046058119577,0.268956955503332,0
0.3708691519181444,0.7614924488740707,0.2472335187738005,0.016031788250752577,0.28312711458876594,0.5115381743852824,0.7512401530433138,0.7356966409451297,0.491625955898083,0.14920966253295764,0
0.27071999641085615,0.7044082410515338,0.18903743904630887,0.47517895189338044,0.038414820558924756,0.6092867433920239,0.08792580139963402,0.12450126955761498,0.9605179400232173,0.2080168711978393,0
0.2005992787110262,0.7549014366865531,0.13931357653749088,0.7551596922098683,0.05871862046324827,0.20880408517226257,0.03378674979664564,0.2750797079911387,0.493440491123995,0.315664852040765,0
0.26789965246421393,0.7676910075603727,0.753662803642697,0.7565513990705166,0.5051683578697679,0.034540897685659155,0.6483712128456605,0.807909379972688,0.5383068899103994,0.5318263417199246,0
0.29714034920161425,0.7023252977368765,0.8687824036719446,0.5321430190820119,0.01295495248844114,0.10621011460541496,0.44853374896234843,0.7982307862086929,0.35397938588490896,0.7622398289078516,0
0.1867396495209125,0.7863659335407893,0.47569436936264453,0.45312780243246487,0.7962879060247235,0.4054732555900703,0.6660679025743368,0.03349953227596947,0.1609676206459979,0.9488028280112073,0
0.22388850954083583,0.8298941129010284,0.7112981816303444,0.15218951720667062,0.9065188216259285,0.5972365287692212,0.4822295527336712,0.03125251172104393,0.6536579539640776,0.2317980395252518,0
0.2431398526290967,0.8136268456628839,0.7596784507067236,0.8224919402206101,0.08486815266532033,0.8042693803749141,0.23959023210114205,0.059375286212316136,0.2179073545726492,0.22704278544504275,0
0.2819108616715593,0.7153923429383545,0.4184389041209834,0.2853309034124982,0.8842575901283554,0.8311123443843147,0.9184862097136425,0.6006111516988121,0.4842851337614068,0.7096695969064217,0
0.13897566736869105,0.6693892034134433,0.0908485147986563,0.12229163647702579,0.9492497749302179,0.2974144345346148,0.11844371453159686,0.5344473143864534,0.7117610086948177,0.9536808674000321,0
0.3150755771115064,0.7498931115939866,0.09397586536701896,0.31956802299149656,0.01872861576346041,0.46952275508407015,0.9878600912082055,0.961766994228126,0.7047381447439408,0.5423010846949748,0
0.28975745154949156,0.7430035814869157,0.7808319381686809,0.1907812413397777,0.48786651062399444,0.8652879386583092,0.10981573332258798,0.4320919191175032,0.13876939914808972,0.6603027496321362,0
0.23492298224192426,0.6753845103178536,0.6510081490623549,0.7944307756991084,0.32614717515775826,0.7926405947541347,0.510595420305883,0.7023298531656363,0.8157169125166317,0.6736485364070881,0
0.19571696187112228,0.813073428089443,0.9584871718395472,0.9230374756037156,0.524530278809119,0.6961178724117589,0.4629022437339839,0.5039452113403539,0.006152954509012876,0.22473704013435303,0
0.2541960547471262,0.7369561680505735,0.8071822984508412,0.8750507831903769,0.3270084084333815,0.9428759074491188,0.9033030747323363,0.21241578918499182,0.6966539402727774,0.22739371558029287,0
0.3242525972717794,0.7482452581567253,0.036062946975605636,0.8422624130326781,0.9959927338713777,0.7719049780331173,0.3649622114768216,0.4440233165385039,0.11574911693117618,0.5607683124392222,0
0.2892661989493237,0.6308304255289399,0.9656377177955311,0.6243957871536353,0.6632270721793747,0.3466998680473481,0.2004575448225686,0.1291058364005493,0.801762307221456,0.37406470467288266,0
0.2615321772672382,0.6631279571049107,0.40514750629835794,0.14303626207514641,0.560087952609735,0.9702348736252119,0.3874295168630445,0.5646436701417449,0.8299385332546727,0.351040705750123,0
0.332902825803378,0.6926935414345847,0.3506119310514443,0.2602909435364221,0.18976590075971933,0.45599770759472424,0.03569694314787031,0.7846211531324726,0.4581066625160535,0.722930052469344,0
0.26754477749919,0.7868456014411824,0.9788407336680442,0.1526027164320931,0.1761326356410331,0.5507527667928613,0.3999238555518422,0.36054952365844484,0.7767193918819529,0.5986586619174086,0
0.20842053769901683,0.8185975003844695,0.031750672341588015,0.7567765865025765,0.3118209418337209,0.48320226651726483,0.5292232209052539,0.6025065194849196,0.06539968636310656,0.922347844024616,0
0.16740405305534584,0.7759210126838091,0.635599252302605,0.09828157208782529,0.19778887123893374,0.556403458730049,0.33936047364685684,0.9787126315726092,0.05260947936355964,0.6925218328319582,0
0.10851844724664805,0.8505428706959013,0.5077242819377973,0.8535955794376773,0.5193803243114749,0.7319677697094893,0.24852029918565033,0.16548219221085403,0.43030030945499187,0.2823327502010271,0
0.2728609875602405,0.7249984815390771,0.7948344369923765,0.9798722268610096,0.8793336485050344,0.23871816977184546,0.06837202121363462,0.9377233797130775,0.06087306645204049,0.38688165491014825,0
0.3234922810113222,0.7371032132009643,0.5649439395781612,0.8364411332287832,0.6425719293896622,0.46701977958641483,0.1065305879803462,0.7387282773852799,0.8402227352219012,0.5588927389680886,0
0.2852646155022025,0.7214707799975412,0.859792128020819,0.19283890511750834,0.9820803631833007,0.5497078371205472,0.8381857354701671,0.4460341594590246,0.11739811207010586,0.9155073202203002,0
0.2918272438136588,0.7451199472849548,0.27055084503140026,0.7871419945155613,0.9209490485796277,0.2081448009172009,0.6700010832784268,0.072022576594311,0.18002999407190023,0.566150382740959,0
0.16611302076897405,0.7340589675949625,0.10200312696258207,0.5978507994583875,0.29215854623951765,0.7706239843169244,0.8343511795883315,0.3897444909754121,0.8164207788369868,0.013845774558368218,0
0.2028351385288296,0.755862202817652,0.04500032473362692,0.2650104526039001,0.2903876627738631,0.5182821061815657,0.8024197226850756,0.42941280652986435,0.7070857493867807,0.014415617168899275,0
0.2292375426439911,0.7576415052351608,0.8231993816675179,0.5291411022277801,0.5170822110695317,0.6453115863908432,0.6553071261231475,0.3441029667710509,0.24468277608623956,0.6905471079951754,0
0.20319288564824467,0.7436415265879359,0.10136624619871004,0.45822803439279725,0.6337000921063298,0.8210964043419053,0.9376658595846633,0.5720219992227246,0.5786168801552263,0.6792811026660006,0
0.18511711076063192,0.7253785781489871,0.0045093207653753575,0.1752797182984165,0.8370946721494107,0.8125400930972535,0.25375683574039964,0.48148322220887385,0.6223423996988067,0.6364427069987352,0
0.23528666235019405,0.7441499807604444,0.5116760123514458,0.5861158321159431,0.16260820501057505,0.3282365155299649,0.48542318803561757,0.875364435418943,0.30859399138484334,0.3072234667547673,0
0.29646265564046836,0.6968339818269222,0.7889881063861341,0.17310152636681386,0.4986812677469813,0.8317576155596211,0.3079023897506884,0.3787121788642306,0.43125687425995896,0.8081170393927468,0
0.20626564197608233,0.8087002297149429,0.04544201543568882,0.19562152858665438,0.6455360968002245,0.7687588414471334,0.6202179504133781,0.8123689082825921,0.7630645212804935,0.29350209678596006,0
0.2516418613805782,0.7529180181604833,0.6115728030854755,0.18567420780959132,0.125056236711511,0.7018056171999707,0.7555943110584069,0.2769238929654084,0.6298519061398392,0.888411636294916,0
0.2511312289697299,0.7808129933601037,0.7693459128955865,0.9540929981807638,0.014197081361172592,0.34812069941696233,0.4152320549947217,0.1265092968978636,0.12827626940396808,0.5700877799626106,0
0.15488262423034932,0.6319031101980169,0.9595834082018088,0.734290391822336,0.8888248837931313,0.5898969676449018,0.3958189067284337,0.7031161897920523,0.9007444832099307,0.22391612584034515,0
0.2377082100849883,0.77204478557249,0.44517956911482603,0.00937803777835966,0.77682845125412,0.7837281766572994,0.21505972099957482,0.2304241376804389,0.6825575923871295,0.07723778023893457,0
0.2310175440048794,0.8422294013270771,0.6354876807894435,0.5663266182941924,0.9550981825224525,0.42314689329126054,0.5690979723273657,0.007004938593075272,0.12363021939949737,0.5121262532339788,0
0.2586726842116042,0.752734799477294,0.5618903473400001,0.03953736800926877,0.21719749796653676,0.28871579339531306,0.6638762733470693,0.7898090111043576,0.3706056492549913,0.8829628973411449,0
0.26006244688568636,0.8278338918794728,0.8880270887974748,0.47750132976811055,0.8939740985515691,0.9133231670107012,0.3647248850304836,0.5397642513637132,0.4000843156806425,0.24929683569021088,0
0.21272130790714183,0.8175398868773532,0.560063254921778,0.2134067323453247,0.6810894535700136,0.845593792849397,0.8847953965096387,0.10081331525391979,0.290766391408673,0.1958078898177733,0
0.2786909755653026,0.7856283185830925,0.48343076861847556,0.4459680162991351,0.3367633746084272,0.594536331622449,0.9748377968902122,0.6555979199895171,0.03660194127445204,0.8153328596218452,0
0.2630833513724937,0.7811456056242094,0.018855482735928186,0.5417100014286744,0.9032692576938335,0.5020638068986053,0.21141357033823727,0.5742793622704521,0.03206221337468562,0.7378964840054669,0
0.2178787700648414,0.7760674044286264,0.01140283368928141,0.9567739384705621,0.02986258800729147,0.10990629652452888,0.6329335230298724,0.7827400477777177,0.18357558436094878,0.6479892631621694,0
0.3539852529103438,0.7119933184310326,0.4493987416334546,0.4711806525280877,0.41105366142302346,0.264599938364543,0.0008671400019503173,0.40526763332640836,0.7498883258427501,0.28135004478849657,0
0.2674003312912611,0.7499645441414746,0.830413387562127,0.9520595356256303,0.6005728093858009,0.9916384183676203,0.6418327679642671,0.6894289240936667,0.9259700747452981,0.9508950586158542,0
0.2064567894337987,0.7999988688928107,0.4550779859702523,0.32592613404473625,0.038657056479788676,0.6509275341412479,0.4502341668270927,0.4671729431364734,0.31828161613213213,0.5030603799924654,0
0.2379317775084274,0.7371726884860104,0.5932358262458789,0.9247668910980485,0.7022206130283433,0.7577612126996126,0.4328708288901463,0.3879639550536742,0.6618328019126473,0.6916503446571253,0
0.2331925556589718,0.8158619097075097,0.811604695013144,0.13055249882680575,0.27034978660234976,0.4473112201307323,0.7220053614337801,0.868924763421732,0.38423490967505314,0.9276709901445797,0
0.20831915610763266,0.7236624982426746,0.5137370332968691,0.056242924726154775,0.44381766242180376,0.22836004912543162,0.836698843683983,0.8990036087623341,0.16859963993826843,0.7192306513466155,0
0.22731606562310375,0.7261510368756573,0.21352769567708674,0.6724254497308892,0.082890656075017,0.5485924328274056,0.7025649072194534,0.5881158377003178,0.9522574549411241,0.8699529777390785,0
0.265517822882668,0.8193393844504241,0.9635639484225118,0.5945854641704078,0.04583871553886243,0.7933138841172831,0.2231306206841399,0.9539543065952256,0.02943200129335377,0.24668475508938337,0
0.22209785321208964,0.7281184474338482,0.4726089664013514,0.9233008023698741,0.07792459864349532,0.4215785484046194,0.7351144630160725,0.18345287437644087,0.1497687940979845,0.43891178027618327,0
0.32629859322404275,0.6552936600808961,0.327028455540209,0.33929422326961345,0.47181729278259854,0.28289759984253215,0.7922270187350233,0.9788712739093366,0.48683416139222957,0.8352806982373981,0
0.2795134226453872,0.7158360578581544,0.8908499042319652,0.2910867974859316,0.4013651979281099,0.7030689427280359,0.4683595944986232,0.48201414204908144,0.5165892007552858,0.3027679625972637,0
0.19959037181225922,0.7289876298767223,0.3464976916430301,0.41537430763725225,0.8623244342895144,0.5302174341570774,0.09085809844644566,0.7177095503284894,0.1573723301038218,0.7745585362947506,0
0.3131931676591617,0.8132641988670706,0.4093579227734241,0.3073740361962265,0.9345282616740518,0.8972403500506497,0.32787245528112097,0.9855019622820381,0.36499497337560416,0.5646374085469628,0
0.24506680853611704,0.7896147431217607,0.9290448895638035,0.8579312831537693,0.6568050414983867,0.214865471502094,0.9636793637128656,0.734458501144757,0.2734395218912592,0.02494770929970669,0
0.30782945206816736,0.7586962116536228,0.9518387858251172,0.36359441867180686,0.8133860426590509,0.183430150172753,0.20537970962066698,0.6834666639339275,0.7539481192799777,0.5409775481039181,0
0.2676727776019594,0.7365930903203503,0.8999293570945971,0.9014469291370005,0.05543967944794892,0.40685004780888423,0.9534914620740034,0.6645231153879405,0.5818694079173277,0.14128069059695403,0
0.15304246874008784,0.7156974160101938,0.17099825534766477,0.4226273351292641,0.6341366263031579,0.1331526445982819,0.1261420837610051,0.8410147451487088,0.575449661273853,0.14314561171994966,0
0.2865046521807125,0.7640227641173559,0.5474027056010548,0.79627125454964,0.12227508242605056,0.6061964705142885,0.1487539558593921,0.38894376344193093,0.9320275342972992,0.5717275030882746,0
0.25764536349894296,0.8058039850383333,0.5035520289937927,0.6097724286794192,0.24827346557008845,0.28541222563961277,0.8541819996373933,0.41759372710396403,0.4374962064612753,0.7397593702021262,0
0.17519295013733005,0.7492264082132034,0.07262760646581568,0.776216092544511,0.6742155538514347,0.7480522394505166,0.520604862190203,0.7319440579449162,0.7777898475986231,0.602767026930249,0
0.3316488460315358,0.785233248769796,0.3786913826837959,0.9937572099442764,0.5658787492611549,0.10855167846474945,0.8937252338593837,0.6867479709972325,0.25384532488706535,0.6557486971924981,0
0.8169200189994997,0.7507812872334235,0.6064917802131984,0.3851613647516059,0.8809596132227506,0.325036643390778,0.5182054047442559,0.11606637998668146,0.42800384086422927,0.4415115692792835,1
0.733516077988366,0.7676482993714693,0.7718593492629665,0.8140194029170452,0.28749733932982724,0.5811653631372843,0.7622165941340023,0.8080805648318349,0.24180534168425927,0.29025719035561626,1
0.7024444228479467,0.7274541141302376,0.31269379485677407,0.13401020891189253,0.45735121303443504,0.5921012982626982,0.5318626178513441,0.2291151339473484,0.7135652339180394,0.5057364428190141,1
0.7841287180212079,0.7125950490040753,0.2764899402047807,0.526457588207867,0.3263400848546224,0.14504544232732397,0.9989848836504327,0.370102681749219,0.29393709795131584,0.030654392475488068,1
0.7209627981933232,0.7422189083446381,0.8876991688980309,0.9138399566402216,0.8969322049487942,0.9103005440831246,0.9809037861900293,0.9152263277122631,0.20021912056513214,0.7383068165750237,1
0.7757489512064075,0.7829774980901653,0.24713819534623882,0.9434354881438345,0.1314626181706341,0.5586217300507728,0.4127053723545987,0.796405357390932,0.9634258958885838,0.8512896361373364,1
0.7565377752317026,0.7666498181323786,0.9907676857161736,0.0005203317910152938,0.8240483128292884,0.6418063806324916,0.8588133973915902,0.7297260167201772,0.6695481698178336,0.21765165765255523,1
0.8957599655863295,0.7260282382704687,0.9278380310895478,0.7751287252756138,0.10107031441150138,0.912043355350424,0.42394142041057514,0.5970763509557518,0.3950794460867838,0.9711647261915443,1
0.6911584031106766,0.7883704088884761,0.11814870936900246,0.24245927886056884,0.8524789025906994,0.26164186185725713,0.9388350626750183,0.01351988719344499,0.9114620788771515,0.31045815865374005,1
0.7175335622131888,0.774760691942936,0.16826325457437064,0.213498999235609,0.01050205816812566,0.422372319964753,0.3639386808353221,0.7740608432017492,0.038843596511144995,0.9686297871350693,1
0.7725822208598778,0.673823215414241,0.005680730269784218,0.17356030007813095,0.20422472596907737,0.5644768401536955,0.681704645247752,0.17425828492468054,0.03140779672859495,0.2464794824467591,1
0.8134976227407963,0.7404478998631551,0.6376565545957305,0.8113924818192239,0.7516257651556648,0.8571977993950968,0.9351470721588412,0.7426056846327118,0.8193189232427344,0.8165363502305016,1
0.7755962573363486,0.7144150534558873,0.0294066754544412,0.77634460746752,0.04158092119411605,0.03588705030909545,0.06402036810933343,0.1780924554991382,0.9473246527540717,0.4073061046053803,1
0.7310258456201998,0.7580656825837647,0.4606721012843429,0.323103088809223,0.0045962205532119604,0.2372100709194257,0.716754311671481,0.7301161770412479,0.5059068605310174,0.6544846472230212,1
0.7141786098732884,0.7244074952181083,0.3270355583693114,0.7944839117644066,0.3453320242808766,0.41680793839237107,0.4950619060010054,0.8707789746622473,0.790355233815769,0.8748925721554819,1
0.6907842796913801,0.7349559243945193,0.6279900196509575,0.4167294468694186,0.2663203837234934,0.21660090142035604,0.6788650587322232,0.4327713650216356,0.7015544398935135,0.5715863669703555,1
0.7159856620431104,0.736278643288585,0.7735317156950949,0.38925893627298647,0.25918064657152995,0.9576496494212728,0.5061180449746154,0.6312855436084613,0.1570122319765982,0.06937703402830675,1
0.7251326703380206,0.8050775264028404,0.7467915792498417,0.927412482256399,0.22620274081319602,0.7256963089477589,0.20083770940755008,0.5639175289583842,0.5063225045032227,0.5117922589032283,1
0.6886910704555633,0.7349085319067175,0.07811351298783564,0.6865677114911969,0.966422212982415,0.520165134402342,0.5661923495868717,0.7704156435093937,0.8548677179344741,0.7332227098992135,1
0.7384311247786082,0.6863020964342703,0.7926948880880448,0.6795610598668381,0.6695557819921961,0.8029549002199962,0.6767148199513422,0.9036701730238831,0.9390050439008838,0.18002697723640204,1
0.8593613660120498,0.7556148193106287,0.9993028731265642,0.19159623337303566,0.12275739380570283,0.1501887733764149,0.7064133849334366,0.20663435664175944,0.4065441643096487,0.07703589382685594,1
0.8161162764297216,0.6912917872935072,0.1589576660726566,0.45943318453178084,0.7344365838140589,0.41171256708817794,0.6390638155595383,0.4631907784785795,0.3912728113688524,0.2259028969810939,1
0.7567483017128493,0.848396824171656,0.6027965183962162,0.6297958130329561,0.45082168477817075,0.7946035838086613,0.30321172979775846,0.8564748441149086,0.5955887540975934,0.5572680073449652,1
0.6945698159842484,0.7658368070612933,0.6956032167660661,0.4351136789829648,0.5675443330807518,0.7201040445566371,0.5037838361787099,0.8960707231899849,0.48929456211735844,0.24815272968732693,1
0.7141632920567109,0.7426328463057623,0.5287706746734625,0.1378252035920443,0.2893167304659374,0.9800593893411603,0.513276605400773,0.9730435372195827,0.45144802902071757,0.379059829325472,1
0.7570168573568716,0.757936549622712,0.7127186924782256,0.8580528127978511,0.04731238914463298,0.9625756400672308,0.4788762657391842,0.4747652132057013,0.5689250074399287,0.822642715677336,1
0.7480205236211397,0.7607329392630434,0.23215289775012105,0.4511999823714796,0.8291526336472927,0.3721707122192338,0.4798255296612751,0.5663994875063827,0.1409090466885322,0.5119159531831021,1
0.6859779436456266,0.7012202187454745,0.5073228664511327,0.731312655826855,0.7498756078097261,0.8613516326592745,0.2885337198977841,0.4069278954878801,0.8477826676688062,0.4159125990959578,1
0.8451338380327966,0.7681718381114649,0.2535455033247156,0.8556348266376613,0.42309911171410863,0.18435389076730435,0.7781274828806303,0.03798970539184576,0.543632595530622,0.8824644352692659,1
0.8865909945028577,0.8206712989754378,0.2129091831786768,0.4487507122021961,0.22601179533674043,0.37927645922401265,0.14075511068224889,0.03938211015392945,0.6731020925090591,0.42272995303107674,1
0.7618950623685891,0.7392204837716989,0.9770771344103486,0.1446617321713668,0.6785413601847927,0.7915604891779298,0.9924339320058226,0.6347821032327198,0.4474553237399391,0.7221805025719734,1
0.8033248656575458,0.7622767947881309,0.6788549823697115,0.3565569863365994,0.35793482888206263,0.83776179531175,0.2037042457260302,0.6352452894477559,0.8637155283145821,0.6876553493452605,1
0.7711356251282192,0.7153366692379342,0.18433938443582432,0.5107301197413494,0.5943335463193768,0.31865500789293255,0.1955839061329545,0.33247852640220266,0.970335203747153,0.721021012283447,1
0.7022698069847151,0.6783994934391474,0.6302749252513224,0.9550753208607428,0.9311692469827962,0.05597750022069248,0.5274270472865166,0.995752400574989,0.9047074471849298,0.602433884265832,1
0.6384691115181882,0.7998843460327334,0.5029879135177919,0.4311615094843001,0.5738167494736731,0.5389197059535112,0.2941062497918857,0.13335303183800007,0.6917364319306792,0.5544550112103057,1
0.8689254780719061,0.7679472077981429,0.2921250619174022,0.09241535720647098,0.5206984751531261,0.3336149204918938,0.31551759945358804,0.31271451292644603,0.8706424432943716,0.8337206398402179,1
0.6795819026713141,0.7854523916751415,0.322988772745206,0.5189833132826602,0.4301379345914048,0.1565637164912581,0.31325609954302513,0.5765479036933271,0.2944353584905559,0.7426165382242066,1
0.6994571525756533,0.6935304563842275,0.3226101706915886,0.22471271598519849,0.909726017142088,0.4995925578045345,0.13463839172894787,0.24954859233222937,0.20080145263648963,0.3497311813551456,1
0.7306259198691967,0.7427699849011158,0.38260685209571543,0.2688240627633023,0.549159773827052,0.6968564734395313,0.2564258417629789,0.5067875078505013,0.5139852010859541,0.45103227942728596,1
0.7404306239463588,0.7897764229119352,0.8922734503361432,0.7469926343943092,0.1379737269347553,0.36565294419925387,0.023818678326761544,0.4372448388989246,0.9285241553833331,0.40941669106962253,1
0.724794062595732,0.7870098665248283,0.9881826596273586,0.6344660563376024,0.7635108514899024,0.40634517467523423,0.4978977556569163,0.3801197497328134,0.5774870295461385,0.9575415686849292,1
0.7019928673702077,0.6866004020998012,0.9246686405839535,0.5630677225740772,0.9151041582865568,0.15600650434502827,0.7099435950237292,0.11823120189833469,0.2344327545587901,0.3716516935821136,1
0.6671107484326777,0.641246730793079,0.05453485164260885,0.44414814787381296,0.32465539321533843,0.8947799578137462,0.7685899073998608,0.11521553071340629,0.7233518428699554,0.9689654442937435,1
0.8439172838706316,0.6720668022440027,0.6954146278487594,0.8739563365852924,0.2522849450399238,0.13809873478377055,0.7173833184575277,0.9967261733050469,0.5165439073005396,0.15851530482407816,1
0.7075763404103299,0.7572849225934069,0.29455169920773183,0.46669686391325993,0.12018926200444979,0.6057783959989228,0.9799417894221372,0.8286075949691207,0.9046101051123934,0.27455402301456466,1
0.8248517676272302,0.7100802993112918,0.7295543393940085,0.7281844990054842,0.3894468701382512,0.8463497536191477,0.4244405049390527,0.6061334912471675,0.2633404574751117,0.4845986096222772,1
0.6588767426788522,0.7302962515456172,0.5389435034425617,0.6976404463913184,0.9149328233346999,0.3235914079880703,0.42101398354010255,0.7783491298113034,0.2741658567663203,0.7582535349206361,1
0.772641309105246,0.8470723153859363,0.7008317048732531,0.07519329788893747,0.8190353805453614,0.2137044915421369,0.4881590210237734,0.1884262787907982,0.7339864304921683,0.8480783744984223,1
0.6834106892014136,0.6919206973507919,0.5444547314418913,0.7534295598583379,0.4207333450694254,0.36588168412512145,0.3091700717659388,0.8116994304042077,0.04367079733237367,0.9119073714853329,1
0.7215819937598912,0.7982719240590409,0.7615607021818607,0.33780475419765343,0.5782434123750714,0.5267638195097485,0.3270710384568484,0.5122572204088089,0.03176305332471008,0.9643176961047122,1
0.7381468666941777,0.6844378380890892,0.2161964718807068,0.23785901072672655,0.5215044670720773,0.998113536473736,0.8379329596891003,0.14902764770874566,0.8035143061184917,0.37130707024543164,1
0.7724927559947163,0.7551995854200273,0.8549522444450459,0.15472223618355196,0.739505168641512,0.6538967494170125,0.5533297071362195,0.559047842993572,0.7749701792812365,0.13818556935638693,1
0.7816277218163064,0.6661065639329791,0.576418778490915,0.7611515029663374,0.2635369399767006,0.3169892261348197,0.0712116714608233,0.9333870720744092,0.9150864675803281,0.05754324744959238,1
0.7957487175731257,0.741590134615459,0.8794017608104813,0.9235422027726775,0.46967921224883746,0.8226319391330099,0.4158031244636716,0.11784274227705027,0.9520417506347264,0.06304582850904605,1
0.6798238611910816,0.8454942704580348,0.9554569229191558,0.7362344502854201,0.8617311682251985,0.9776692969529083,0.6518733149156364,0.5228060748601924,0.6026605592463702,0.1868446593008415,1
0.801785461385859,0.7248196731695309,0.32957723784319104,0.19108259771503455,0.03857592511612795,0.6924335795626458,0.27397127474733685,0.39830024149590293,0.49187461401407406,0.9845260546885837,1
0.748707584200785,0.705913766748512,0.5518451270402703,0.6550749125297084,0.8013838797366651,0.2958277440970548,0.2199885628117354,0.3061660197391638,0.32273520465200545,0.5500486393861567,1
0.8040556057619688,0.7496856690926741,0.42714534188319264,0.8908161823929474,0.7416795230968792,0.11517021206517486,0.840480890864866,0.24410999762853391,0.12463339599382606,0.16027107658397388,1
0.7627033402450724,0.8334558196131684,0.6721049491836977,0.16155758065248693,0.14122610025687377,0.08199234587540993,0.5979813797276436,0.9543274138688027,0.32702804183136847,0.299732956662608,1
0.7301228147243627,0.7147867999530079,0.10631662837201561,0.15222617973983832,0.00899388277984181,0.6127816254942732,0.8258629030040731,0.0947338220720556,0.1895952231265392,0.2579332081373171,1
0.7776287528177779,0.6587162326838225,0.08428009459246577,0.8308420073304791,0.6962298844385387,0.5305432092258802,0.3455867556147263,0.8948407171783351,0.6745295394554206,0.8253032452167623,1
0.6999696146907785,0.6730930148441837,0.6792455302195056,0.3034669449563544,0.544665867564221,0.255548826445092,0.3188859499184661,0.2313645588248724,0.013373329626864328,0.22813493674277108,1
0.7458542058817506,0.7799156264964263,0.1859545336446864,0.0740966659572212,0.508645477154504,0.692713313694714,0.350815345594358,0.0230320565164982,0.5020105809208553,0.5514348456318202,1
0.7646576802592775,0.7230024699155766,0.599185493953842,0.8133363159636694,0.6129900387738197,0.22355246566082698,0.06531937201904703,0.5938382503729763,0.8383084460701223,0.0983665548263829,1
0.7967036990222455,0.6424114073706138,0.24477018519661642,0.21209602630318358,0.9456026426151759,0.5123806551208487,0.9055537819759465,0.7795424654490615,0.35597697461641764,0.3062937823863723,1
0.6859843524126781,0.7379407288097938,0.5113494121909504,0.28427812970321453,0.44885728910001055,0.8614203387264935,0.6242089622110988,0.7280915471314741,0.47174788648585986,0.6128344543414589,1
0.6468036396039574,0.6920720171816241,0.42493371836568283,0.1376795017730923,0.33759776020013865,0.07342211617236805,0.5045892387614338,0.5349430635164321,0.28793450920732877,0.6819560511833203,1
0.7522775462663431,0.7471154782770728,0.8783021612322877,0.8861817224081069,0.9970044034721685,0.9789889595465068,0.3878282852330822,0.3431341714462752,0.26598508838574597,0.7762504038895862,1
0.7814503828586927,0.8447787987122473,0.5424769329189651,0.9238958142725576,0.41725872676697917,0.8981459502226269,0.2658471007134676,0.6266946338238766,0.9270506971860202,0.9094684922360171,1
0.7474577239869273,0.7289082149219026,0.9611962463933936,0.4018489376581903,0.2099543397262843,0.2824961847516644,0.2754661786640459,0.05609867667124535,0.12305628499148102,0.3639020425281866,1
0.7620104242666547,0.7204542552779034,0.4564544509859739,0.32138039127278206,0.8263623973158999,0.5909531012824941,0.1435752924512964,0.45763404802806085,0.7346845126579802,0.9104899752631134,1
0.8566578985391722,0.7364960546351886,0.32689051241273215,0.8556306241721344,0.20498178932654298,0.27793783219565804,0.6129975781405275,0.3258666156071668,0.1347307453420623,0.4763419178971109,1
0.8258947004174559,0.7171450653919796,0.39917774387139304,0.8740642265598205,0.2939173829277757,0.8885780146208441,0.5531699890163292,0.41687008147636295,0.6360981581170847,0.7758390770263258,1
0.7240872091455951,0.737799271426441,0.23189297562791655,0.8742271812701119,0.9824169795250888,0.11381183109352311,0.44119662184774744,0.1274622206310717,0.5098148628758183,0.29984558357739555,1
0.870090682193975,0.7553158255533742,0.1950187468176411,0.8579715452264154,0.25924332286338636,0.12211183028854777,0.841882801189602,0.5036193104866644,0.8985197751757498,0.8169251511736992,1
0.7604808766714704,0.7724801175557807,0.7728780271923271,0.6319547233885325,0.023806999055849154,0.929986936547508,0.946454953058819,0.22167430963846202,0.06175222230417743,0.8335144910627207,1
0.7930745545636682,0.7458534087969394,0.9700275389723753,0.2926405493593224,0.16564837203146487,0.7913373797500756,0.6931696125112308,0.4014524587688717,0.7911951868644228,0.10601414614156346,1
0.7649583176960726,0.677784405821223,0.0300260946819757,0.5066720448076166,0.22506232715802432,0.062493919250117935,0.3290217649456264,0.7696434355459097,0.8340506954233756,0.7393946083960637,1
0.7897073978512612,0.6849592770459912,0.9296596585138086,0.8209653280487836,0.9633544754644306,0.7919873960617589,0.07988671518094237,0.15707374405940422,0.4384106685168425,0.07051197130145603,1
0.8629888858178809,0.7629013940426311,0.9174384110652324,0.49290828863887604,0.02187774217331029,0.41581333898916506,0.794398312858583,0.7755083482461086,0.19076835621985866,0.13638259999596825,1
0.7093592322074517,0.6771960493519851,0.03186705510272736,0.9725836023829731,0.9031455051575289,0.1660348940330928,0.1870770260664132,0.1142472764011141,0.6263887471790928,0.0906411118052467,1
0.709961743094836,0.7571336876336695,0.954400539635131,0.3027932436049481,0.6590436074730486,0.687652725247602,0.45384173879211465,0.8425579702696577,0.2838454254453039,0.6046994241059197,1
0.7926721595156235,0.7608732315489044,0.9537615505165054,0.5559924483698452,0.4281769100400593,0.4945220220875135,0.9977071355476728,0.4143843854742397,0.5071402136601383,0.7040812411689688,1
0.7241597216226999,0.8116167592100859,0.6763246113122571,0.8175709748602578,0.8790383635831641,0.7532176624363518,0.2174145122885085,0.5604021717294181,0.5337531128825793,0.7732001512410581,1
0.7545165327720355,0.6574303245028754,0.5496624962915586,0.653068191855818,0.22832016896494856,0.6289897403305561,0.8060950861982955,0.9117634740176999,0.8765458345858753,0.8758956139739805,1
0.7752298848375581,0.7179771719310271,0.66591098449013,0.0647668999802451,0.5887509142476844,0.9795677899202277,0.1555632235804184,0.9093713686750026,0.7426083728948779,0.5549182146026018,1
0.6935568584996266,0.7035769764590871,0.9661490465111355,0.8173717042568497,0.9505364728988878,0.7612808679569993,0.45526451648702526,0.03158961210652467,0.36650657305221723,0.10084895718519793,1
0.7794144499437383,0.7634375428086569,0.07809075164869139,0.8483414478628458,0.6783079011789925,0.5957302828995586,0.2110291022071854,0.9629011853010396,0.6873801195268753,0.9300231889461601,1
0.7559662261504839,0.6599045658732665,0.9784431440990289,0.21152442767554236,0.6847698910192825,0.4131922647982458,0.8200600619530971,0.9033369381222186,0.17647743973247998,0.7185182261147186,1
0.782002077911329,0.7625482886150459,0.6339035262559448,0.9762324545115867,0.246521245825018,0.5318080342711575,0.16945588084269014,0.6544153059367459,0.6674406441697038,0.7638271668103142,1
0.7095042143891298,0.7406557684579733,0.2874153702474196,0.3093518535169685,0.8986850093919526,0.18746470281016114,0.04825388228862593,0.5407619486194453,0.5728135440398714,0.7164452921441603,1
0.83055686117174,0.738316592336428,0.2683441960825792,0.3172694152036414,0.5842428714712677,0.994508031547055,0.06245501991715563,0.09442640417129455,0.5487943627322931,0.16895029864681121,1
0.7989293359746995,0.8148403573639772,0.5054841603733004,0.827782233705428,0.2997765405660556,0.5608633140924824,0.06748957747967199,0.19480711135697948,0.7317622358827715,0.47738107513674166,1
0.7640636203064254,0.7824931456217902,0.5146113539157442,0.5123019459329218,0.3985011173903903,0.12329105948994035,0.8775499762910225,0.8945980563103794,0.6482087038567059,0.17049946577453645,1
0.8131686270338634,0.7167363040329258,0.9999226953758085,0.22453249047891888,0.4060590257274328,0.09411686697867105,0.285013672715543,0.721401591098441,0.55088680263432,0.37060556309735015,1
0.7266491683540371,0.7945713624208525,0.8591067408726114,0.4448192657504577,0.4743207405303568,0.8901039638375421,0.40939815798004364,0.532043057135771,0.162377497422038,0.26830147646693847,1
0.773521199926897,0.8025568852994246,0.4308807872365179,0.06273215116487085,0.8995349495351777,0.6884856594270943,0.9834258549412174,0.5222185032322851,0.6013364187883264,0.0029296092135847607,1
0.690484267699303,0.7845789839223074,0.3324079284162097,0.8928354263319345,0.553725602541226,0.24850190806842176,0.869203376026363,0.7646306036372771,0.19889500959477135,0.261860225022321,1
0.7710586347165924,0.7362181295139916,0.09284427361381709,0.38027511000136094,0.7274228016834421,0.4009611023248887,0.622294827494537,0.7626884273544056,0.16684834898488976,0.4459336981269021,1
0.6713936189235582,0.8501593095203936,0.30439329444165864,0.7857627340721756,0.10707252656216693,0.5782858147223086,0.14044757699615518,0.7633129675880731,0.703248320496322,0.037181528786083384,1
0.26235254114322504,0.17704721544513824,0.5786165834891777,0.9163390843624355,0.8791587067390608,0.8222498733554838,0.24336782656774458,0.21240491154791796,0.898272044647811,0.16637143290267964,2
0.3034838517951182,0.2707172381215931,0.9378245366787452,0.45613693833463265,0.2623775069176201,0.2832968155206397,0.09942294404056495,0.09935245051097175,0.2896865170025079,0.5250746048148475,2
0.29398024976705045,0.2346243375954403,0.8528119437724985,0.28624594502312894,0.9357713320742523,0.8695854216234147,0.3678596048667927,0.45310616027860884,0.3167121570864394,0.9472553959827466,2
0.2516076466429757,0.25769584080250163,0.48773959018406665,0.7864067397994841,0.13613244113360057,0.9540756632506125,0.4418326020031236,0.11633272215920365,0.7344291634315858,0.44889034376794357,2
0.24278248127152716,0.2723962862080913,0.6281032478392863,0.48201953702827893,0.3078020363197237,0.3506215171210034,0.05549084103348578,0.7021133812686294,0.3641633694477836,0.28342191676989614,2
0.20457216100952388,0.21255291421124706,0.5748486266531222,0.8230332515439598,0.48929365083113907,0.27334312424788976,0.4832372651619101,0.20081379219690987,0.04291519712413905,0.6297760931515959,2
0.24499407396541498,0.2522367163129968,0.13055711841211992,0.5265122647981776,0.278910902497282,0.8934774570070867,0.12051524495448829,0.8758384106955611,0.18618838726802467,0.8228839208838075,2
0.27524430026431,0.27712054117308305,0.6600178617412671,0.5970007122693014,0.6846230554314706,0.5251198525074046,0.15090557554618445,0.2951823873876275,0.2342244159488499,0.05361103049671567,2
0.2728633444252652,0.21888247518181558,0.8282844325571246,0.7713818509058943,0.8352223712183025,0.11763598666355257,0.8115414213230424,0.3345155711577673,0.6917352550558741,0.21616953619802726,2
0.2067725053885963,0.32161774766550555,0.7411099417827774,0.5971440980857733,0.4193654387732204,0.63962180607931,0.8391974760873095,0.07375422853948899,0.24915730062589658,0.08032178172736637,2
0.27236903318324795,0.26899401007743473,0.7915729394364407,0.3167686813163356,0.02568404521523715,0.98155420080947,0.05961355420572789,0.9813003783138076,0.9576009123937643,0.1444724800339804,2
0.3743611961003455,0.27323076122573886,0.14658309601581498,0.9257849975682949,0.40832154300494605,0.7557283770095062,0.7158388246131043,0.08835142839812316,0.6031462808981155,0.1088178500107958,2
0.25321128496287687,0.24968028674916554,0.3498232192115801,0.17776850699941427,0.9376279595588802,0.33136734213896724,0.05856207127156088,0.6794754793721425,0.9780487679010242,0.33113170096331357,2
0.21212117351989643,0.26030851720156395,0.6732792694884636,0.26537903154028886,0.4660035134941377,0.9005661588715491,0.3479823038115416,0.3676546940416684,0.9800260203702662,0.7850623740531999,2
0.30264003892568125,0.1998799230635867,0.7549992784546524,0.8340564260730065,0.8189612220686976,0.8152080222199954,0.8321056029387508,0.5586465376648161,0.5999744627992176,0.44509660107993376,2
0.3230429279806858,0.22094094887718502,0.06818805621600388,0.9856199777316415,0.31042608914325664,0.2883991214908338,0.1192661639909871,0.6236134683573284,0.9547718397613778,0.6144632837391962,2
0.3143537317977534,0.17081542441415515,0.4448960576441394,0.8867272373092959,0.2964658067530548,0.000360726514158749,0.10497948318984163,0.8450720387942189,0.696955178856211,0.2992415279898957,2
0.31274066967330827,0.3002712504783305,0.08842003762432704,0.4485106324916117,0.4200011372055473,0.4388398904518753,0.07983945605686105,0.945212661409779,0.2089592946659511,0.9282321584309506,2
0.2322900522687954,0.2114854480021857,0.936314889561099,0.16144864350001775,0.029338416778726617,0.5191456727237262,0.5282384312840278,0.5106827952344185,0.5196358373496238,0.12383495062186622,2
0.24580064706078014,0.1373597059204984,0.9181560230980648,0.7403982335342885,0.9384182483888732,0.6978184492208994,0.9323298239116317,0.9292838324398024,0.4153166166622556,0.7190002548357256,2
0.2697477157085623,0.13914212118633026,0.9813198828235055,0.8464741489813536,0.5440120126453071,0.9213689327602637,0.9163886180369458,0.24658526659775126,0.3666230661333669,0.16601175529785073,2
0.20607944430992634,0.2976599346817197,0.8987798526328008,0.9752429582417745,0.3186116864082087,0.1807369266074037,0.5330232987139407,0.5644104797683707,0.9195085474451855,0.24358596411059363,2
0.24739015925516444,0.21849430578091958,0.20004135497373554,0.960218030404448,0.5454154294740018,0.515858909383731,0.4246404615444289,0.9580091207469992,0.3853863534442472,0.609979580206642,2
0.3033762987891271,0.34397437000588416,0.612177177173105,0.8313049531037464,0.3126117947809336,0.03430722596500446,0.7117669522423737,0.637746859704597,0.8282885591522496,0.2713413117347835,2
0.2499443760139807,0.26152158036437273,0.014006267978956544,0.16070270808233178,0.6592249924253402,0.9289245432311932,0.4334702559376874,0.41349689743431495,0.8690994619690969,0.8251223920958962,2
0.24010647313398245,0.20508544958641245,0.9254219557718159,0.13685262488321615,0.6331910227009636,0.3028951947103189,0.7797572477622644,0.5910509045308369,0.6474190707154097,0.9262429673980714,2
0.25923780569147753,0.3458514176216911,0.38635520804014156,0.21513336178319298,0.08900978642259427,0.3853391915584151,0.980562779289974,0.874433484023573,0.04683039995135874,0.6608363655099905,2
0.20561738131175467,0.2641970055421386,0.5445476854292175,0.8181071582085276,0.3066928918281334,0.41171802355270115,0.008791013336950981,0.6910264752060551,0.09931490001638377,0.3119929505767508,2
0.24157212411134385,0.2636209387931521,0.07159789808023287,0.9846376165041134,0.07423490089630169,0.02990631175815328,0.40327855365856147,0.5683600510800324,0.13305078353147648,0.9288107813311964,2
0.20319125932802945,0.2442212381093892,0.3073593072289853,0.4045589746984458,0.11235855642443726,0.36348410577715584,0.3851150490586849,0.18921846483908822,0.2950732449046485,0.4473845503128735,2
0.3233010204565117,0.26711427691137934,0.22444364176132658,0.7025638270509057,0.5807812442088367,0.19887491684904646,0.7190151011129945,0.24845825065939242,0.8523670458310268,0.3066685858131931,2
0.2628655866784943,0.14867326949989634,0.757036868919059,0.6098762412966808,0.9305757167989993,0.6243231499769948,0.45198320216676413,0.950532008252057,0.40397751277564853,0.5477192468220962,2
0.2345993271204255,0.30515502239572134,0.0792188358804159,0.0259225216261757,0.1660683661863558,0.7320583393953858,0.7410010346882367,0.6984032101139979,0.21119771378954688,0.573575330198679,2
0.2320011853475872,0.23490347871159845,0.13973145783580376,0.8700937208349683,0.34571242982796035,0.5043455364788537,0.9843840047909851,0.030768620096344512,0.62597591075987,0.3518970097792473,2
0.1608662654414174,0.23388860389583507,0.09876416695723278,0.07485708361242893,0.2945071814603871,0.6310434646881578,0.4191745003190487,0.3114211324518039,0.08050232794052392,0.6497786412719332,2
0.21048289915559285,0.2365228745160593,0.10066175884215112,0.37530554570907126,0.36726949097741,0.947838227618661,0.6502649597741115,0.23021388558897216,0.841690421871589,0.03067979425493972,2
0.2486674192572893,0.2643901009966614,0.22049960975549598,0.429879515782039,0.5057698259945356,0.7231159653560273,0.18669173052101928,0.27657284713285113,0.28267261409206934,0.3872327114950548,2
0.2786950800153545,0.287886766485346,0.48144133601621353,0.2891326073242302,0.6036529403450639,0.30565477216357007,0.8187393675451398,0.8989033403206967,0.26119187731071547,0.4861533328888993,2
0.19520841623761348,0.2543587547008021,0.7243575644786722,0.1421541825058582,0.6612855480771601,0.8677637978172354,0.7837308652902317,0.252401400359644,0.8428226237196391,0.9352276182388601,2
0.15008132947399744,0.26404547383564175,0.47424721275260917,0.9352344228590611,0.38243320828838345,0.47157433917145153,0.14878096478786096,0.8554393107104323,0.015438195919901476,0.2587860159383898,2
0.32921007985041517,0.25123335471471747,0.8700201743937489,0.25981091974247716,0.05032908894345389,0.49657338890804104,0.31087929990005836,0.5120609572224851,0.010978500319492879,0.7269426890752858,2
0.2091527428588693,0.26051620840628864,0.7858901468639126,0.03067630686668521,0.5812902553491255,0.6426527036203765,0.7009380993576919,0.8044541202780485,0.8108973668627791,0.22072750661577833,2
0.16007616928088364,0.28718872445585847,0.8368492452643179,0.6954685196659683,0.06691709913242117,0.5941521364084097,0.1394408912098818,0.834436793498177,0.7535785451013481,0.6955220879739895,2
0.23090718133876137,0.228827870998574,0.8909290199385453,0.7796647951614207,0.05338411576286306,0.15417793430057158,0.6434889978044762,0.10209257066121946,0.24983539011099143,0.7541593664659496,2
0.29046645266311477,0.2902476535792524,0.6785706553395532,0.8015909931899005,0.5291240629950076,0.827042770972025,0.7320016968723051,0.3667421662574494,0.4933953799848685,0.4088924371747028,2
0.26459005186413687,0.18218941551116424,0.5338303154267886,0.7810920537051682,0.5408427620478349,0.46155928721110273,0.023852302423606475,0.9945865656850277,0.060702363289825256,0.40619844390907467,2
0.2908314180982138,0.26320203227481603,0.963964626298453,0.6186085303607239,0.09725550476977052,0.12148353404891332,0.47644040644600794,0.8747405772465323,0.6575758950188363,0.49723936635375643,2
0.20521015832473022,0.29483073329505743,0.07315912463331742,0.8435535408464415,0.6484725117891197,0.873957546370368,0.8382504427203618,0.9067792832785451,0.872518473783683,0.581955312381469,2
0.3167282705285467,0.15132399857171352,0.07323122438881091,0.169019158134307,0.5835899552684305,0.12941909922469674,0.24586257698274716,0.1731054619737027,0.6804502144478888,0.7687629661701404,2
0.28574559839953273,0.199853010644727,0.4378097137336362,0.4946680685815651,0.15866974577780235,0.42093040333282594,0.6111739308535383,0.15475981820876472,0.3779140713388013,0.5894896666148893,2
0.23878669146889306,0.20411836935162123,0.2223565843968367,0.4438902376569469,0.8071433659113989,0.5869328993343025,0.26542935674670687,0.8997193781327163,0.6938234211058477,0.5404684772328354,2
0.21137386308838446,0.2314550489570008,0.052403339387734005,0.7930236761838458,0.8600767258100364,0.22173655833833872,0.6239060737967274,0.0632546743825636,0.7452983480196276,0.10427637688047542,2
0.2736389348274272,0.32895991343928166,0.9954589911353139,0.21626956679305687,0.5011312830909523,0.07613803622699167,0.38732233272058125,0.7191524888416093,0.05773880015804722,0.7831776873437616,2
0.2941214846627357,0.24700857026129897,0.7419061207405224,0.5047630605660719,0.13444900890339362,0.04562717219108414,0.9925215708031653,0.69020980625689,0.0536318719190797,0.35104534848873936,2
0.20122841771328082,0.20344747077855702,0.14975838542968312,0.549696871021152,0.6974409177068669,0.7076077790637368,0.9269709590582221,0.44181243226603917,0.7215593679725518,0.6931882282814952,2
0.24129730297065788,0.13046814114602523,0.941283907997431,0.33146277079354414,0.5269278041639514,0.21791653638571074,0.6754713154586275,0.8993864473512581,0.3976976000958782,0.35493518122511214,2
0.3025807006183502,0.23154033505965507,0.1857138076212581,0.2780763557918323,0.8283226840405812,0.8733506691748202,0.7422185298204018,0.8462138358602669,0.17737768885534322,0.015524458374595262,2
0.1876333847137722,0.21927583396415412,0.09962316119109493,0.5459696518720655,0.808347686873876,0.68143732872896,0.14247962915697576,0.1826606211982158,0.5739304911315858,0.29699507746150533,2
0.276847191366281,0.20479150726141473,0.7977854460204009,0.5093656715168606,0.6735034177992462,0.059576217266600784,0.4107838463372281,0.3989673911098026,0.5674526634962246,0.35673242371852965,2
0.20567044451309574,0.25167074313296045,0.8187850507944568,0.7320356517653611,0.9103972363828676,0.8372711899124476,0.7681736135588811,0.6937151188526102,0.5451873610094174,0.5072159031152823,2
0.24267440822192043,0.27691639068353546,0.1250096803092009,0.5968653406692553,0.836301454645469,0.15604235223404694,0.9479260736737374,0.06536970565741496,0.9532588463565191,0.3088605559443577,2
0.2500550879814265,0.19899181639896665,0.42408330287414975,0.12917926771083432,0.03397057291593597,0.04966435264701463,0.03592057969242579,0.5868867438917175,0.3408756427905163,0.4543699723393154,2
0.1621104506407648,0.2541156594614015,0.23274795805247173,0.6814873743130822,0.9680365926650324,0.5310277826259534,0.060247412348233276,0.9391566093442074,0.9370931851897562,0.6735347986416682,2
0.21377501422757342,0.3010062927920146,0.21085315114361902,0.3847526955254824,0.10902114756417192,0.3325749445411431,0.24267341134919396,0.5915948518401158,0.028236325022317987,0.05019639280906618,2
0.25944547195984496,0.2842168280875467,0.11070747834156047,0.744322111108686,0.9127327234684068,0.5860682504229735,0.076475418481456,0.28105397903021034,0.12280722875128502,0.7622285147130743,2
0.2458363381809614,0.28238240180376234,0.36067212553868755,0.3039579611841785,0.10386946134890829,0.277282764265268,0.5568110516104003,0.9265878667671966,0.401063618661477,0.5741206043500147,2
0.2359582875685671,0.27343960652736976,0.5159807845077148,0.6429081561740069,0.7379707458903259,0.6805190949059753,0.421689863358113,0.6467530400582941,0.1759357351145372,0.6233057036270958,2
0.26015749830408724,0.3128825054066998,0.897989856663894,0.18569338417724468,0.5923950897185511,0.5242169889854904,0.5541266312658055,0.30096790773378423,0.7025420760268394,0.34934015640168725,2
0.26757697783827356,0.270674112771013,0.9633601759089705,0.7585305138428362,0.8754831452700677,0.07814020930561183,0.9235225398323995,0.8195106046936038,0.06503775445378601,0.0938675270314493,2
0.13815490343730785,0.37590821763658355,0.9858862163037696,0.16746244930852117,0.9168329586873158,0.004227140101063176,0.6466246134835331,0.37890929740333645,0.4087647461016293,0.6683225023863101,2
0.34916952664989226,0.2631707464823726,0.35488292405329436,0.02900743859181598,0.3568646958511811,0.5162272548577097,0.23339812349166378,0.49301245813930283,0.37411873550803254,0.6683815296541342,2
0.27565556680920533,0.25235652114923823,0.3756963125837588,0.506670843705922,0.4101815437691396,0.2829665748610154,0.2922223629791776,0.8108823036743499,0.0819959610582105,0.033452639758273284,2
0.2435325782189144,0.27270617044149065,0.5980616155325267,0.6665442847235066,0.43605937393047167,0.5328013464159744,0.8056664957876263,0.30782670585288385,0.9083568122734381,0.4609151535886431,2
0.31757501536986354,0.2695624681885691,0.27305727404900504,0.7295237091772976,0.7898140815688593,0.4739094000136569,0.84912953206809,0.5987523233011163,0.0964918046122919,0.4714439229170031,2
0.2095796133170852,0.22508274574050044,0.8947392052432707,0.26605465602824874,0.9857380566950783,0.6496683665291197,0.8141910577450094,0.05084173050480978,0.06663032498005172,0.7709636283768657,2
0.18377691655363182,0.25498937228584184,0.5667640115790678,0.7907830897952649,0.10023034898970051,0.40757297096067047,0.9056078096086505,0.6510624195254932,0.7671869177505479,0.9510564439962483,2
0.28782477428412134,0.28970598158130606,0.726003986625326,0.0501910233853321,0.816196629175587,0.6131789198284994,0.18711239761892218,0.6019807222268551,0.7989888524007724,0.1897502172569845,2
0.25084639211392107,0.23825839569356813,0.45024250463234294,0.7834206253111944,0.8624817500444367,0.10312387105497733,0.8215467051093873,0.28366152439415593,0.45429813455110046,0.4923078567530348,2
0.2048124835786849,0.2874096017443448,0.07715097771267021,0.7375391145960163,0.5834812529067771,0.7097367396312054,0.2100181673212539,0.3669484187264702,0.9932822085054627,0.7614205194864331,2
0.1415867481213351,0.23446017648133732,0.9418011433212243,0.06688693034185478,0.9634252133744717,0.8019997474075913,0.47384332307926835,0.520673377154869,0.20557238231742758,0.15477695991341556,2
0.11444263952088954,0.2877893204272861,0.8668708213076258,0.44125848582474303,0.30440255801906757,0.02359564056449881,0.30753329314326006,0.7188558665408158,0.9649802731094618,0.047830355789712065,2
0.29350471219104335,0.23082040365766024,0.1441545385840347,0.1454050358495279,0.47935049428684096,0.2196681117522834,0.658675963403243,0.22105641402807674,0.4402094636753233,0.6189884724387503,2
0.21599765122026948,0.23274317459466,0.8937650520809582,0.5237784394418563,0.5692505728236613,0.70324990944872,0.4045626249714054,0.8998532228419496,0.09942299448885417,0.7551460661650253,2
0.24323929242874784,0.19626902885878797,0.47554332685494016,0.9662324558169001,0.9566446495242541,0.3779160592462667,0.1652756427920702,0.6092839585363893,0.46934641311889425,0.550118730409472,2
0.24987186682640733,0.2712247660294951,0.3179335343174694,0.5042139881382656,0.04543138600393415,0.7540538216327549,0.07317122089993733,0.3088290736661702,0.8187852179929364,0.8011678902778572,2
0.2052804603949538,0.19712903600213677,0.1523807092217423,0.7098727962772453,0.057747570833885375,0.5527406582534719,0.9123005564543132,0.30141347947824204,0.9400376477359549,0.8666856712707016,2
0.31276345634293135,0.14903204861355052,0.5482342346537138,0.15522270501332536,0.9028840308907523,0.7921025198834393,0.6541514576697424,0.40834938222971795,0.5379206154210453,0.7332351599414335,2
0.18015445617712134,0.2488865207295749,0.9161490549447368,0.48140231485088536,0.8407959257358056,0.37398722206796375,0.09355889222474123,0.0620663234238078,0.1829542210312013,0.13681673967082442,2
0.26275096074262844,0.2297584898907436,0.8695913778012196,0.7541517466085296,0.3509944731311796,0.7741449270428329,0.701470074383616,0.32084480577895935,0.4218875199199704,0.07896985558622471,2
0.23462854320122017,0.23014614173578216,0.18561977719189637,0.012451085832661857,0.7841583422410126,0.5148516758139188,0.9649336227821564,0.38597187687854606,0.4481327211823578,0.9974432032225169,2
0.21320482335335095,0.2768101480749358,0.42866792501544915,0.9704842990453715,0.7215799365637744,0.32854186182575995,0.604191205545008,0.14472842513596385,0.4980879688468569,0.09820923928833125,2
0.29500737238087216,0.2495853580336551,0.4299786479795956,0.3529785525046214,0.8411386280536037,0.325239084921242,0.3323509000207815,0.4848023190732632,0.5262626277618724,0.4842370466937467,2
0.23905822187878564,0.22491594330953935,0.38952960108881785,0.9379137607579195,0.7153297896998281,0.4159397118097994,0.24545432628440134,0.13231694046806486,0.29659733019462053,0.465382675307607,2
0.2955886345437406,0.27812368649567076,0.8866444104060821,0.836654865676736,0.3118853952217907,0.7782488393704589,0.530704744349629,0.20176022371839142,0.9236227853933172,0.49733351543456183,2
0.241947163111178,0.3735272000006808,0.5802143282880988,0.8420639964439655,0.03771283247068258,0.2842585823466466,0.4704544871894608,0.11566635588311225,0.284488491091501,0.985838654554411,2
0.22550509280002978,0.2773969503786803,0.13223371348608493,0.5223091490850038,0.7912694733439917,0.11173037352924986,0.26868185048054516,0.8310098428217608,0.966980969823421,0.1487033413445995,2
0.219204815345925,0.21845857199807103,0.2266178270186081,0.20367776166329876,0.65999047543405,0.37595301263679337,0.24122229197328826,0.9991609249936494,0.8470373541046333,0.7188150933692505,2
0.3305177710183188,0.18786102078613198,0.18661798377979733,0.1830845505314288,0.3462673445767189,0.5045231257178131,0.011353224033818998,0.5489381213960679,0.8709478980013307,0.8483252733462802,2
0.24357777930213595,0.2977443552773415,0.8023990597137626,0.6785952284619859,0.026982886891266933,0.7703733098831845,0.4713635548530307,0.6055916989881551,0.6303888446520989,0.7751790924607437,2
0.2988652768689007,0.2437452922163259,0.0586472994105921,0.001587821106966869,0.5765057504455211,0.2923572208415405,0.9725171899427835,0.9810997186967692,0.15083233886066616,0.05214471427117062,2
0.7532417174459659,0.26260365986546425,0.48207316841465087,0.7777854609421717,0.8698829694172788,0.43630103986911317,0.5696820728905685,0.4472342202034594,0.47911223850890017,0.6623402598296927,3
0.6988925887477062,0.2608736834287191,0.8475345283185425,0.8520990862436396,0.47001476360363603,0.8754360398266178,0.5444739849394555,0.6374407788775776,0.688736685008448,0.37329645238749254,3
0.7454802703622415,0.27191890284944903,0.16370787078359106,0.575164691058842,0.8733210361891288,0.34415572215404866,0.15638337210836828,0.5891340143578893,0.5878969451908047,0.5919872822391191,3
0.7675129310129423,0.3066661847530584,0.9186472870161465,0.6110177597808185,0.7873235060759821,0.22511843251202668,0.2972645038814,0.7426965562906267,0.9718457032015596,0.45803025107691997,3
0.758236543132674,0.20534066658123,0.40003975051198504,0.7895884733772224,0.3146474545923095,0.8553377107546197,0.41938832044924956,0.8102026894133247,0.9425988199032567,0.8717340922135567,3
0.7620229607713503,0.17704138873369082,0.9185126443548438,0.24008424097189685,0.9027400184851354,0.17847880913523617,0.7511595365983476,0.9833407321909866,0.7675331781330755,0.594156510140018,3
0.8205421220778615,0.29696636517471636,0.9895755079084458,0.27630540633902023,0.1411403954570265,0.16672666443274664,0.6067724559693937,0.6149781716270569,0.309835512126859,0.9525310707490086,3
0.7187752368488476,0.2424854492048691,0.6919062986315541,0.46153869045953366,0.39984779469981757,0.7115020785962759,0.8338476791753723,0.7922470090592473,0.4284896219848282,0.21666943617954693,3
0.7175804160525483,0.20794990645552708,0.5394428325764232,0.4472231772886073,0.24881567558650552,0.08125888574216278,0.6033613685532982,0.9975224569655586,0.33599717267893425,0.787204270087065,3
0.7021668170727537,0.22643646277713164,0.5657194269499837,0.09057731022193971,0.7409362955642168,0.5109033355369909,0.16223374778602961,0.8076779132086397,0.6853362020494965,0.9535048718063011,3
0.7671254053471543,0.2719979181591546,0.5436873097965872,0.6239578846851356,0.8596589897003389,0.7998327770737099,0.5502067255609729,0.11709473383430347,0.828431284934488,0.6133661884176766,3
0.7371974773947021,0.28421075093946885,0.11444309490457305,0.26842789401187794,0.6374612339755255,0.19085249873943666,0.26444961328436045,0.5732296640214841,0.6102874697317673,0.7002368708596864,3
0.8117249281801391,0.24872221553358265,0.8367852856969705,0.4053630792592575,0.30767349031395785,0.08163196607873047,0.2856791678115339,0.11790747131216561,0.9742381510445479,0.2041958262653717,3
0.8099401852920087,0.21582697345450588,0.9589969198114153,0.2674259382114421,0.04771260441309044,0.42519610143412623,0.5091247492037806,0.6812308282788423,0.061120171101455845,0.948754159597492,3
0.8265427427108074,0.2525334766991704,0.8782998105213061,0.9444715662963625,0.3215672127270476,0.4636906976265468,0.2725879283470767,0.2808059442731776,0.44799789095235487,0.7889083486939232,3
0.8386308138719726,0.2993279356742321,0.22008898666578247,0.31977601981072146,0.2730883661655712,0.7317028497027727,0.3245200819435038,0.23266047624328956,0.0632239725129673,0.5683606473414442,3
0.6938346769769704,0.26686638746659996,0.9392624553575512,0.511509555685419,0.2993519529240385,0.19482786178829137,0.7662749131032851,0.06471105349510475,0.814801601312508,0.765772503562076,3
0.8125146837287895,0.27472469448498416,0.6762634618085236,0.13847051216634598,0.5938106958070756,0.36567695810623513,0.12570366426234536,0.06593992458165543,0.8861204220212994,0.17881623365484445,3
0.7723523790177274,0.3124490757825939,0.7618956491527977,0.9770452214520495,0.7396737609282973,0.000792373849516026,0.482323380599581,0.7571976416650474,0.09065780115814803,0.03831093873798419,3
0.7616229166778701,0.17795654099973202,0.5638401206416433,0.17290117987320874,0.326444068103523,0.32039674606280555,0.7149961018593862,0.027034601699157723,0.005133810358946667,0.9574121153697408,3
0.7907780650146415,0.21915710192895066,0.1484089422491367,0.12738979601096556,0.02516589036519523,0.24566577866277672,0.9741722278407806,0.41322564172714604,0.07653744056610556,0.5358315345644271,3
0.8124343968848008,0.1706935341043031,0.31143380001202015,0.9387456452123876,0.5646503221959511,0.8221440036371893,0.1981630614986407,0.628469223564322,0.5574259049421464,0.8340722203763598,3
0.6934553660658237,0.23749409947328842,0.2260361291772578,0.8193800179114725,0.5580132487170428,0.2959728905302953,0.3252637785042619,0.7284203250635587,0.40874112361191994,0.9210872853027405,3
0.7212438605649891,0.16828839374864968,0.47118558321334836,0.9586237214169128,0.44229169089809195,0.5682988760819412,0.15203411622868834,0.4737072678396821,0.8580954119995503,0.9577484367141534,3
0.7268066971362079,0.20585529326442994,0.6435534146368328,0.5227160468238224,0.7765719992406974,0.9039393788986209,0.76432066160121,0.8783825014468626,0.708496262513054,0.7050493492360729,3
0.813061392956173,0.21990576994017103,0.5208523457327217,0.31218641961220406,0.07863228904549213,0.7857468554005875,0.8785421679715922,0.0869386261614492,0.2964356757708828,0.12638187880731566,3
0.8036730926999666,0.25372082821324055,0.6571150649840204,0.0956892754221833,0.7970963759691746,0.9609924149193458,0.8215690887738194,0.6216111885859552,0.32828108874199835,0.8442034344191609,3
0.7548199401544495,0.18092900046547794,0.459539755946907,0.9656610138750414,0.4917648885678536,0.5904703422415899,0.8145537111603243,0.01393704328279366,0.33951511061029616,0.758810488511556,3
0.7834918753217549,0.22535806297772232,0.294936081583294,0.869650606366111,0.815502684482555,0.7335738132708718,0.5086875668435685,0.8503263060726206,0.7555317228959622,0.5077796935578477,3
0.6844931765380213,0.32943866106638686,0.3439912125247929,0.8385129865921439,0.30383004143394654,0.8086158158826323,0.4374336893858295,0.21301008578833125,0.6062838765207802,0.23584249282488412,3
0.7895771808285643,0.26942390114432396,0.3756897644554449,0.3502076820618355,0.6439856935989444,0.8274287732432651,0.9853327332753369,0.19463277247827282,0.9699914675514424,0.5197306173750857,3
0.6986721527306315,0.219233311747117,0.7228572756931596,0.9004016950936423,0.6403271877852269,0.534905710190948,0.013316108848990038,0.4393376758558012,0.1944846328059988,0.5482429233139323,3
0.7408927468238269,0.2257313840641107,0.9036029964075601,0.46345953108700466,0.8875344808000936,0.44511859476567506,0.43021746743119427,0.7166504848374233,0.4370249238727485,0.7614003236600675,3
0.6663180887655372,0.20218212754346573,0.24997881965545,0.28642194819459754,0.206372775638883,0.6688716295201919,0.9736582342749946,0.7078589969898871,0.11707963742047334,0.9370579449355373,3
0.7779967059993418,0.3229715264016078,0.7966372595653015,0.42991128135774437,0.15224554343033758,0.2052605716074466,0.08366398170461642,0.6002959110175674,0.2994103367987483,0.24604017709688564,3
0.7494623683615338,0.18841484050473276,0.01791742161558585,0.6186231570847176,0.8634781263957519,0.7367571813468125,0.7104067431617809,0.6806876097768245,0.5818149982436923,0.8771764198426413,3
0.8026121970899112,0.33251263927561336,0.10764983860853539,0.052731824883708756,0.9262799054479135,0.772004259620718,0.5882566739084115,0.14975984375561868,0.5660448290040743,0.9150180132255114,3
0.7783708667291304,0.2782584026307826,0.5100717297050438,0.9394381227946563,0.9902143075691366,0.3111534538229954,0.6200575231011132,0.30393841813396083,0.7851394517755432,0.4156957023528203,3
0.785762701653834,0.20040449060404592,0.42562254073586414,0.35437331736643796,0.3580719067972391,0.514578043692246,0.04304982657566914,0.629968166919552,0.7009787720916201,0.4657683626439466,3
0.6586524628104058,0.208374677757168,0.8971995247840624,0.9434702938284995,0.9843392576742435,0.35763925003315267,0.5005435613716688,0.9748568678196875,0.901458487025723,0.5663969588635202,3
0.8746237835758004,0.31419190261519847,0.9895691449601735,0.6604594146132713,0.11060758156604866,0.6416083522512736,0.08475039377932503,0.46676547214410713,0.5301339121692638,0.5818149947205512,3
0.7007010669567234,0.25158854139953163,0.9036150124757003,0.8234598773114881,0.9625589125013706,0.935626893558106,0.8724530751320317,0.2990038669650662,0.7924388849504997,0.8416089358600066,3
0.7762833194336259,0.325577822515091,0.8614918510295226,0.7177542421818303,0.4325270126578862,0.5764688460841578,0.8584240471784498,0.7788434683606305,0.05752769782805345,0.9442642190029362,3
0.7868241221135052,0.1976071422790529,0.6825331255590946,0.2527491443671651,0.48822373697135324,0.6324149684506329,0.3056542055638777,0.0804075591138187,0.5624480945214299,0.35909765098085966,3
0.8324503288922342,0.3760646501270318,0.5289962704596498,0.6943099237767613,0.9551446738986654,0.922304124694836,0.33261595585582904,0.6908576685649757,0.5034768888090566,0.042693723679692486,3
0.7611377545916096,0.24178384910026812,0.323106457949467,0.6250465387025044,0.4959279709944471,0.8015202865187999,0.11544806350035963,0.8794320040276242,0.4023891386127352,0.8350828697903472,3
0.7023113980406093,0.25261485169984516,0.3967588634253364,0.319090499615178,0.6706469694759473,0.6169858357837351,0.6252007849466095,0.09596890973161354,0.791875462995481,0.5378301563409618,3
0.7419863519640397,0.2273825643199518,0.6574849014806446,0.1614455052651973,0.06253428337576317,0.5938467689602155,0.3951892281126853,0.00531424426450533,0.07545316051804651,0.7132017583998205,3
0.777972323076442,0.2547987324679708,0.39835875451127,0.9101201114633286,0.36911850728732465,0.22050055609356056,0.15439701759434699,0.723354611552098,0.7325449661786341,0.7637394924739568,3
0.673872739171667,0.2506420512249258,0.6107635064559374,0.07421472885154212,0.8911382651012905,0.5922235879431393,0.9848062653007594,0.4073657823940735,0.30972307830657897,0.5323850438110407,3
0.7113026276266794,0.19838691911600742,0.32981221569898744,0.544786106934652,0.042149978970880575,0.37327467324016605,0.07423108908690479,0.13311036876763627,0.01717565418292266,0.07810749913413706,3
0.8769393919351405,0.20386514341431855,0.8527825640274168,0.5140542583019585,0.08648995805068449,0.663260292508033,0.9818263140420715,0.33055495443177174,0.8536849298826855,0.6238221873860803,3
0.755989073578555,0.173892318323912,0.6147758498036326,0.49545182760713,0.20063158662785485,0.6879752175068032,0.8435543743873966,0.7102270496692067,0.273596724552274,0.677323142280328,3
0.6463344621737328,0.27006771993847506,0.6842629533201509,0.3438678452246926,0.8658947364726391,0.3806044312409993,0.34453479742030246,0.23449571033439975,0.04030333732160141,0.3051451489878767,3
0.7374449287881037,0.3361705641181482,0.4628436532761051,0.695824206048973,0.5508836063795857,0.5992027577949586,0.7554519259710831,0.7378562028374771,0.17325692112046043,0.6315096184144521,3
0.7414907725392901,0.15402267961730198,0.13196522534454158,0.17682472983985287,0.7770719658561639,0.2785442860227265,0.48686831625492744,0.06181620711123159,0.9977152736404991,0.8678825549205419,3
0.7725193323735459,0.1882517029158194,0.9277996081412336,0.25176513847176163,0.3138061343386215,0.3992669183232175,0.43054598855208726,0.6055089486660105,0.16449139609161878,0.5300936000786435,3
0.6879592883457943,0.23983651965747702,0.6289571915355068,0.003905764837881298,0.7789410113824992,0.5106355186555137,0.5616439834066036,0.27826235549676837,0.21662146447729158,0.8454096523980903,3
0.8320021185645672,0.23908788926980631,0.8867786797666894,0.5107132242191361,0.8654792027904105,0.0295426019666859,0.6537291121063528,0.5444993591195343,0.6630342546324689,0.9839832743442336,3
0.7531252123023014,0.22721590921828783,0.3154237465901998,0.5478659156135711,0.8816705126216938,0.08154556399274293,0.721621607903625,0.4247668566854488,0.765248895440586,0.22496048728964446,3
0.701934192332198,0.25376921727021645,0.880301742693258,0.45112638916936043,0.928402966304448,0.9622138147974244,0.9936358755607229,0.16183003801655438,0.8233895891943608,0.4094807281373529,3
0.7467785501030376,0.1863469385236266,0.9926440395822024,0.8264794869002647,0.9897084903453047,0.26332427642614464,0.9454273209988143,0.26183928100838993,0.06360865186924414,0.43670678246890915,3
0.6895282118437271,0.23100606527579787,0.19456930443081655,0.2461974970780232,0.181628369436592,0.12371871184963223,0.9744422310558138,0.09068355966063779,0.6154394389986234,0.1166305817664689,3
0.7276952891796189,0.22492229719367401,0.7256953184137936,0.6249461487000022,0.7756204541788151,0.814206689269806,0.24104959817471205,0.20847495553955508,0.115524253527713,0.5751726950723882,3
0.7638644758856715,0.2612587493927567,0.7562318204120524,0.5525619871904566,0.662623949264929,0.04692155984344648,0.07557610711764184,0.8379439011262161,0.5244308175940929,0.4030934793211254,3
0.6578606345882336,0.3118059153148837,0.65713680756815,0.12106368722172567,0.44849477587675934,0.7140518630387321,0.9723832468275663,0.7197597526670274,0.6361422448181913,0.4954737246816826,3
0.8578911247001765,0.33325261126761524,0.6603004605221883,0.2655710067505981,0.8085801585122488,0.01813733476005608,0.4317074546820081,0.9074560749970649,0.021126600731553924,0.8991052374924319,3
0.7686792414002233,0.15005612137607283,0.989887299568785,0.9377070753372174,0.468716096425668,0.9953512319652958,0.6584023080852279,0.835506911073257,0.6883561106639596,0.42274370956966656,3
0.7119659360489716,0.18842528015714805,0.48479019698255665,0.8983686361661918,0.9175848175602827,0.7740596092327293,0.9300564699777426,0.6009260071574817,0.7179998211268632,0.7338826624169409,3
0.7005235561722222,0.17898140004731872,0.12185750969649234,0.3417397640756771,0.6083702171283708,0.9158720950334859,0.032992046131947284,0.2575968280264216,0.9118612345214402,0.28604926068840586,3
0.7574133319044407,0.23459182205629947,0.6950096757523673,0.8434055293498562,0.36408587398233594,0.7408283518132561,0.6880323106648828,0.7672253614395016,0.18941549315737416,0.5880630087422223,3
0.7490504299678904,0.21796581977609378,0.2463748780908741,0.06290079470415477,0.8108753681856345,0.45054207678972835,0.392674803165053,0.902156639139954,0.5624036463947462,0.9265492611121853,3
0.8252477951834907,0.2599239259556879,0.9994043763995609,0.8152405122009498,0.8686891396494418,0.9325092817015592,0.023396952979559904,0.340226045399484,0.0798298752241402,0.9960652068239932,3
0.7586512240957429,0.1813742862551218,0.1645300607146981,0.12106589053271577,0.01921469620710603,0.9853482439221456,0.6115704350310378,0.600533027540307,0.15311223276440555,0.8439156231283542,3
0.7251962965387924,0.25264166460489124,0.11621826991010376,0.9292420208595615,0.8184782272712331,0.8386732467443829,0.5793541853285592,0.33962967301891966,0.6966043724408644,0.23035974051504038,3
0.7403020402202292,0.1511160654809489,0.6678372714225069,0.589942386593603,0.2502108122923292,0.5514259968250793,0.642761089238042,0.4255600736671322,0.14732880049396357,0.9768821427828408,3
0.7466170956518245,0.21914832141218693,0.6423307445023118,0.43563058916347996,0.877464141857977,0.5512202642026649,0.692298492099581,0.7058890406941436,0.09936603459894766,0.9444207635186829,3
0.7400274497090353,0.2492276476756973,0.44061397352092757,0.6593088043735813,0.6875545765016702,0.31449479855624063,0.006859324220629737,0.18795533505280881,0.6767332207870214,0.6768206471613412,3
0.6930047737463267,0.21402098965475883,0.6617590105655202,0.8126108177071948,0.7132777296727559,0.4230620141568461,0.9509143867272003,0.3337933355010655,0.7883881510125493,0.1948512370168527,3
0.7729647440572734,0.22460057467229572,0.05290271327074492,0.633139790336192,0.16204719455126093,0.6823963598560986,0.9729832383066986,0.5297000419006875,0.7469564531265955,0.697227461327593,3
0.8505316376981166,0.22006408701591845,0.29556791047862563,0.3752628029989843,0.4423411778608559,0.08848006824518129,0.062421451293517616,0.5439080171946667,0.6872803841849946,0.2079842412733145,3
0.6993278159022087,0.1960904169815177,0.0884028729278088,0.22701153843873256,0.2966284337210956,0.0008194231854907752,0.20448898534130633,0.050350128495690316,0.09691292288589792,0.3524471745376019,3
0.6833970639675668,0.28815703362401884,0.22881252449022327,0.727345760350001,0.0785118211516882,0.9680943436298433,0.3412907265367081,0.5981704956325592,0.3071827455720384,0.6158573096580797,3
0.7779231260638197,0.30915735505698105,0.8558404067405772,0.4737021470529853,0.5407253477620989,0.6909335715003427,0.05884249547294862,0.3326042482271042,0.6575518211860727,0.8601527022855282,3
0.7710950725478183,0.23786710852687495,0.8557987430787685,0.9868050399618457,0.9352476019522792,0.284060325490891,0.42432686008029197,0.8189261823968994,0.37031438050959375,0.7343177770186999,3
0.8013774900383842,0.18244332277859515,0.8788624730909146,0.14339300585003312,0.9147291051635754,0.958963662826507,0.6465715022202467,0.5146877598510404,0.4662261141667099,0.30057058004302695,3
0.7840812096682195,0.20353059405698654,0.6130731896725405,0.31021790822846307,0.802913090168813,0.2819503229477366,0.8264546012634402,0.2507535695954961,0.617544196998197,0.10432150422360886,3
0.7822658150194182,0.15753986086090566,0.4988550497033287,0.40290462795614257,0.4912995774258676,0.7395959525588807,0.941016838506731,0.3123243536242397,0.4582995555047946,0.12042388252063974,3
0.7646094628801913,0.2503937843972863,0.044375233672594994,0.612131832727913,0.5949879663729623,0.49090792735768685,0.5951000990787327,0.9609492283602653,0.46395220298102025,0.6993427885400094,3
0.6295855016145763,0.1697183857286202,0.8955029862923979,0.257727434029858,0.873787122471885,0.9955925898815414,0.2731975081295346,0.5160987456377228,0.9077921584718177,0.9266938039591563,3
0.7131753288762602,0.21576321148462557,0.6877753423221937,0.965679803506884,0.08354664787826205,0.779110450925588,0.28610986481639045,0.1961144002136458,0.1450486175663106,0.3929569881840802,3
0.7160265556493474,0.26943755200956054,0.7677337412888967,0.6837408601918445,0.5024995251741659,0.78020374898192,0.8064125858791503,0.88642068048755,0.3106349975308639,0.2636246085954318,3
0.7439157427517461,0.23708884879023012,0.3320780691163816,0.5440967011629387,0.5149095063749763,0.7365843955570489,0.2580578271884867,0.6559400325663941,0.574119005161403,0.25348696258587033,3
0.7777469429760995,0.22282439395314546,0.9980893425570224,0.6315319772086764,0.9374862541026326,0.9996646690892507,0.25016921810908666,0.7426101057711774,0.2172568933082829,0.7897455433567291,3
0.7253826788482076,0.2091355576118818,0.635963370803337,0.28104263895661463,0.4575711796203191,0.25041174914972386,0.007356488024136132,0.8508725444648942,0.2815025530669022,0.2404038543921998,3
0.8037738591314751,0.2629935259746033,0.23730420620342685,0.6799271388701189,0.4127555304779087,0.5054343579877693,0.6166349959157891,0.7894975506056253,0.9197101212937168,0.7125520982282103,3
0.7317976307196792,0.24216434293744427,0.730665936203749,0.5508476791114005,0.5479698135001446,0.7321472952528264,0.8899852736380046,0.5048207414660549,0.5046064164934645,0.5160871944720995,3
0.7592708967178788,0.28940849804370944,0.4448388179500342,0.6027533334234221,0.08964544209243708,0.265270383033689,0.6767804646029332,0.4784686364596622,0.9596067904428791,0.2380358413338889,3
0.7851451830588719,0.2663868284416523,0.19395945704548634,0.965378840298928,0.05173865382475229,0.7581862823310082,0.8299384874876078,0.4994348232343825,0.062034157280030366,0.9533729673212167,3
0.7350287108582045,0.15670663487900516,0.4428007900614668,0.7236618013537531,0.8300225879360581,0.9230636624968204,0.8764642516061523,0.7013945513205909,0.8841994314532174,0.6558857443172544,3
